Compound_CID,Compound,Formula,Molecular_Weight,CAS No.,External Link to ChEMBL,Source_Chemical,Source_Chemical_URL
100067,Syringaresinol,C₂₂H₂₆O₈,418.163,,,Syringaresinol,https://www.wikidata.org/wiki/Q27121534
10030799,Dendronobiloside A,,564.31,,,NPC50146,https://bidd.group/NPASS/compound.php?compoundID=NPC50146
100332,Loliolide,,196.11,,,Loliolide,https://bidd.group/NPASS/compound.php?compoundID=NPC80471
101063872,"(1S,4S,7S,8S,11R,12R,13S)-2,12-dimethyl-13-propan-2-yl-10-oxa-2-azatetracyclo[5.4.1.18,11.04,12]tridecane-3,9-dione",C₁₆H₂₃NO₃,277.167793596,,,Mubironine A,https://www.wikidata.org/wiki/Q105185308
101063873,"methyl (4S,7S,8R,9S,10R,11R)-10-hydroxy-2,11-dimethyl-9-propan-2-yl-2-azatricyclo[5.3.1.04,11]undecane-8-carboxylate",C₁₇H₂₉NO₃,295.214743788,,,Mubironine C,https://www.wikidata.org/wiki/Q105270901
10108163,3-O-Methylgigantol,C17H20O4,288.33829,135545-84-5,CHEMBL525620,3-O-Methylgigantol,https://www.wikidata.org/wiki/Q105147374
10108607,Flakinin B,C₁₆H₂₄O₅,296.162373868,,,Flakinin B,https://www.wikidata.org/wiki/Q110187902
101219070,"(1S,2S,5S,6S,7R,8S,11R)-7-hydroxy-6-methyl-11-propan-2-yl-5-[[(2R,3R,4S,5S,6R)-3,4,5-trihydroxy-6-(hydroxymethyl)oxan-2-yl]oxymethyl]-9-oxatricyclo[6.2.1.02,6]undecan-10-one",C₂₁H₃₄O₉,430.220282668,,,Dendroside F,https://www.wikidata.org/wiki/Q105126304
101219071,"(1S,2S,5S,6S,7R,8R,11S)-7,11-dihydroxy-6-methyl-11-propan-2-yl-5-[[(2R,3R,4S,5S,6R)-3,4,5-trihydroxy-6-(hydroxymethyl)oxan-2-yl]oxymethyl]-9-oxatricyclo[6.2.1.02,6]undecan-10-one",C₂₁H₃₄O₁₀,446.215197288,,,Dendroside G,https://www.wikidata.org/wiki/Q105308792
101316879,"(1S,3R,5S,8S,9R,12R,13S,14R)-14-hydroxy-13-methyl-14-propan-2-yl-4,7,10-trioxapentacyclo[6.4.1.19,12.03,5.05,13]tetradecane-6,11-dione",,294.11,,,NPC245898,https://bidd.group/NPASS/compound.php?compoundID=NPC245898
10168,Rhein,,284.03,,,Rhein,https://bidd.group/NPASS/compound.php?compoundID=NPC288089
102026936,"8-[(5-Hydroxy-7-methoxy-9,10-dihydrophenanthren-2-yl)oxy]-6-methoxy-9,10-dihydrophenanthrene-2,5-diol",,482.17,,,NPC218604,https://bidd.group/NPASS/compound.php?compoundID=NPC218604
10221179,"3',4-Dihydroxy-3,5'-dimethoxybibenzyl",,274.12,,,Gigantol,https://bidd.group/NPASS/compound.php?compoundID=NPC117214
102477413,Phochinenin G,,482.17,,,NPC212048,https://bidd.group/NPASS/compound.php?compoundID=NPC212048
10341857,Dendroside A,C₂₁H₃₆O₈,416.241018112,,,"(2R,3R,4S,5S,6R)-2-[[(1R,1aR,4S,4aS,7R,7aS,7bS)-4-hydroxy-1-(hydroxymethyl)-1,7-dimethyl-2,3,4a,5,6,7,7a,7b-octahydro-1aH-cyclopropa[e]azulen-4-yl]methoxy]-6-(hydroxymethyl)oxane-3,4,5-triol",https://www.wikidata.org/wiki/Q105166804
10401022,Erianthridin,,272.1,,,Erianthridin,https://bidd.group/NPASS/compound.php?compoundID=NPC108198
10423984,Denbinobin,C16H12O5,284.06847349,,,,http://www.knapsackfamily.com/knapsack_core/info.php?sname=C_ID&word=C00033759
10438430,"[(2R,3R,4S,5S,6R)-3,4,5-trihydroxy-6-(hydroxymethyl)oxan-2-yl] (1R,1aR,4S,4aS,7R,7aS,7bS)-4-hydroxy-1,7-dimethyl-4-[[(2R,3R,4S,5S,6R)-3,4,5-trihydroxy-6-(hydroxymethyl)oxan-2-yl]oxymethyl]-2,3,4a,5,6,7,7a,7b-octahydro-1aH-cyclopropa[e]azulene-1-carboxylate",,592.27,,,NPC254122,https://bidd.group/NPASS/compound.php?compoundID=NPC254122
10445823,"5,7-Dimethoxyphenanthrene-2,6-Diol",C16H14O4,270.27996,72966-94-0,CHEMBL1083093,"2,6-Phenanthrenediol, 5,7-dimethoxy-",https://www.wikidata.org/wiki/Q82256278
10465,Heptadecanoic acid,,270.26,,,Heptadecanoic Acid,https://bidd.group/NPASS/compound.php?compoundID=NPC196924
10466989,batatasin III,C15H16O3,244.10994438,,,,http://www.knapsackfamily.com/knapsack_core/info.php?sname=C_ID&word=C00015292
10588810,Flakinin A,C₁₅H₂₀O₅,280.13107374,,,Flakinin A,https://www.wikidata.org/wiki/Q76415825
10639,Physcione,,284.07,,,Physcion,https://bidd.group/NPASS/compound.php?compoundID=NPC312929
107036,"Glycerides, C14-26",,344.29,,,NPC115835,https://bidd.group/NPASS/compound.php?compoundID=NPC115835
10742,Syringic acid,,198.05,,,Syringic Acid,https://bidd.group/NPASS/compound.php?compoundID=NPC110899
10993984,"(1S,2R,5S,6S,7R,8R,11S)-7,11-dihydroxy-6-methyl-11-propan-2-yl-5-[[(2R,3R,4S,5S,6R)-3,4,5-trihydroxy-6-(hydroxymethyl)oxan-2-yl]oxymethyl]-9-oxatricyclo[6.2.1.02,6]undecan-10-one",C₂₁H₃₄O₁₀,446.215197288,,,"(1S,2R,5S,6S,7R,8R,11S)-7,11-dihydroxy-6-methyl-11-propan-2-yl-5-[[(2R,3R,4S,5S,6R)-3,4,5-trihydroxy-6-(hydroxymethyl)oxan-2-yl]oxymethyl]-9-oxatricyclo[6.2.1.02,6]undecan-10-one",https://www.wikidata.org/wiki/Q105308793
11005030,"(1S,2R,5S,6S,7R,8S,11R)-11-(2-hydroxypropan-2-yl)-6-methyl-10-oxo-7-[(2R,3R,4S,5S,6R)-3,4,5-trihydroxy-6-(hydroxymethyl)oxan-2-yl]oxy-9-oxatricyclo[6.2.1.02,6]undecane-5-carboxylic acid",,460.19,,,NPC197754,https://bidd.group/NPASS/compound.php?compoundID=NPC197754
11015758,"(1S,2R,5S,6S,7R,8S,11R)-7-hydroxy-11-(2-hydroxypropan-2-yl)-6-methyl-5-[[(2R,3R,4S,5S,6R)-3,4,5-trihydroxy-6-(hydroxymethyl)oxan-2-yl]oxymethyl]-9-oxatricyclo[6.2.1.02,6]undecan-10-one",,446.22,,,NPC258360,https://bidd.group/NPASS/compound.php?compoundID=NPC258360
11064768,"(1R,2S,6R,8R,11S)-6-methyl-5-methylidene-11-propan-2-yl-9-oxatricyclo[6.2.1.02,6]undecane-7,10-dione",,248.14,,,NPC60762,https://bidd.group/NPASS/compound.php?compoundID=NPC60762
11076000,"(1R,1aR,4S,4aS,7R,7aS,7bS)-1,4-bis(hydroxymethyl)-1,7-dimethyl-2,3,4a,5,6,7,7a,7b-octahydro-1aH-cyclopropa[e]azulen-4-ol",C₁₅H₂₆O₃,254.188194692,,,"(1R,1aR,4S,4aS,7R,7aS,7bS)-1,4-bis(hydroxymethyl)-1,7-dimethyl-2,3,4a,5,6,7,7a,7b-octahydro-1aH-cyclopropa[e]azulen-4-ol",https://www.wikidata.org/wiki/Q105328874
11291989,"3-(5,6-Dimethoxy-1-benzofuran-2-yl)-6,7-dimethoxychromen-2-one",,344.15,,,NPC141631,https://bidd.group/NPASS/compound.php?compoundID=NPC141631
11390848,"4-Methoxy-9,10-Dihydrophenanthrene-2,7-Diol",,242.09,,,"4-Methoxy-9,10-Dihydrophenanthrene-2,7-Diol",https://bidd.group/NPASS/compound.php?compoundID=NPC228503
11437978,"2,3,4,7-Tetramethoxyphenanthrene",,298.12,,,"2,3,4,7-Tetramethoxyphenanthrene",https://bidd.group/NPASS/compound.php?compoundID=NPC149337
11477116,"1-(4,7-Dihydroxy-5-methoxyphenanthren-1-yl)-4-methoxyphenanthrene-2,5-diol",C₃₀H₂₂O₆,478.141638424,,,Denthyrsinol,https://www.wikidata.org/wiki/Q104976186
11506999,"2-Methoxy-9,10-dihydrophenanthrene-4,5-diol",,242.09,,,"2-Methoxy-9,10-Dihydrophenanthrene-4,5-Diol",https://bidd.group/NPASS/compound.php?compoundID=NPC278955
11604108,(-)-Syringaresinol,,418.16,,,(-)-Syringaresinol,https://bidd.group/NPASS/compound.php?compoundID=NPC34103
11732737,"(1S,2R,5S,6S,7R,8S,11R)-7-hydroxy-6-methyl-11-propan-2-yl-5-[[(2R,3R,4S,5S,6R)-3,4,5-trihydroxy-6-(hydroxymethyl)oxan-2-yl]oxymethyl]-9-oxatricyclo[6.2.1.02,6]undecan-10-one",,430.22,,,NPC284607,https://bidd.group/NPASS/compound.php?compoundID=NPC284607
11742643,"(2R,3R,4S,5S,6R)-2-[[(1S,1aR,3aR,4S,7R,7aS,7bS)-4-hydroxy-1-(hydroxymethyl)-1,7-dimethyl-2,3,3a,5,6,7,7a,7b-octahydro-1aH-cyclopropa[a]naphthalen-4-yl]methoxy]-6-(hydroxymethyl)oxane-3,4,5-triol",,416.24,,,NPC142047,https://bidd.group/NPASS/compound.php?compoundID=NPC142047
11761556,Dendronobiloside B,,418.26,,,NPC277772,https://bidd.group/NPASS/compound.php?compoundID=NPC277772
11812311,Dendromoniliside C,,444.2,,,NPC191705,https://bidd.group/NPASS/compound.php?compoundID=NPC191705
118603930,Rutaecarpine,C18H15N3O,289.3312,,,NPC321503,https://bidd.group/NPASS/compound.php?compoundID=NPC321503
118701398,"(11R,12R,13S)-2,12-dimethyl-13-propan-2-yl-10-oxa-2-azatetracyclo[5.4.1.18,11.04,12]tridecan-9-one",,263.19,,,NPC66027,https://bidd.group/NPASS/compound.php?compoundID=NPC66027
11964533,Dendrochrysanene,,508.12,,,NPC186268,https://bidd.group/NPASS/compound.php?compoundID=NPC186268
11972333,"(1S,4S,7S,8R,11R,13S)-2,12-dimethyl-13-propan-2-yl-10-oxa-2-azatetracyclo[5.4.1.18,11.04,12]tridecan-9-one",,263.19,,,NPC143159,https://bidd.group/NPASS/compound.php?compoundID=NPC143159
11983285,"1,5,6-Trimethoxyphenanthrene-2,7-diol",,300.1,,,NPC239996,https://bidd.group/NPASS/compound.php?compoundID=NPC239996
12311356,"(7aR)-6-hydroxy-4,4,7a-trimethyl-6,7-dihydro-5H-1-benzofuran-2-one",,196.11,,,(-)-Loliolide,https://bidd.group/NPASS/compound.php?compoundID=NPC110373
12313395,"(1R,2S,5S,6R,8R,11S)-5-[(dimethylamino)methyl]-6-methyl-11-propan-2-yl-9-oxatricyclo[6.2.1.02,6]undecane-7,10-dione",,293.2,,,NPC161576,https://bidd.group/NPASS/compound.php?compoundID=NPC161576
12410,Hentriacontane,,436.5,,,Hentriacontane,https://bidd.group/NPASS/compound.php?compoundID=NPC26229
12566215,Methyl 3-Carboxy-2Carboxymethyl-2-Hydroxypropanoate,C7H10O7,206.1501,26163-65-5,CHEMBL235362,3-Hydroxy-3-Methoxycarbonylpentanedioic Acid,https://bidd.group/NPASS/compound.php?compoundID=NPC65985
1268142,Nootkatone,,218.17,,,Nootkatone,https://bidd.group/NPASS/compound.php?compoundID=NPC127582
127377,"5,6-Epoxy-1-hydroxy-6-isopropyl-3,11-dimethyl-3-azatricyclo(6.2.1.04(5,11))undecan-2-one",,293.16,,,NPC74576,https://bidd.group/NPASS/compound.php?compoundID=NPC74576
132525205,"7-Hydroxy-9,10-dihydrophenanthrene-1,4-dione",C₁₄H₁₀O₃,226.06299418,,,"7-Hydroxy-9,10-dihydrophenanthrene-1,4-dione",https://www.wikidata.org/wiki/Q115970791
132525207,"(3S)-4-hydroxy-2'-methoxyspiro[1,2-dihydroindene-3,6'-cyclohex-2-ene]-1',4'-dione",C₁₅H₁₄O₄,258.089208928,,,(+)-Denobilone A,https://www.wikidata.org/wiki/Q115971959
132525208,"(3R)-4-hydroxy-2'-methoxyspiro[1,2-dihydroindene-3,6'-cyclohex-2-ene]-1',4'-dione",,258.09,,,NPC479223,https://bidd.group/NPASS/compound.php?compoundID=NPC479223
132525209,"(4aR,10aR)-4a,5-dihydroxy-4-methoxy-1,9,10,10a-tetrahydrophenanthren-2-one",,260.1,,,NPC479224,https://bidd.group/NPASS/compound.php?compoundID=NPC479224
132525210,"(4aR,10aS)-4a,5-dihydroxy-4-methoxy-10,10a-dihydro-1H-phenanthrene-2,9-dione",C₁₅H₁₄O₅,274.084123548,,,Denobilone C,https://www.wikidata.org/wiki/Q115971686
134141097,"9-(2,5-Dihydroxy-7-methoxy-9,10-dihydrophenanthren-3-yl)-5,7-dimethoxyphenanthrene-4,10-diol",,510.17,,,NPC479228,https://bidd.group/NPASS/compound.php?compoundID=NPC479228
134145688,"10-(2,5-Dihydroxy-7-methoxy-9,10-dihydrophenanthren-3-yl)-4-methoxyphenanthrene-2,5-diol",C₃₀H₂₄O₆,480.157288488,,,"10-(2,5-Dihydroxy-7-methoxy-9,10-dihydrophenanthren-3-yl)-4-methoxyphenanthrene-2,5-diol",https://www.wikidata.org/wiki/Q115970945
134154603,"7-Methoxyphenanthrene-2,4,5-triol",,256.07,,,NPC479227,https://bidd.group/NPASS/compound.php?compoundID=NPC479227
134156048,"8-(4,7-Dihydroxy-5-methoxyphenanthren-1-yl)-5,7-dimethoxyphenanthrene-4,10-diol",C₃₁H₂₄O₇,508.152203108,,,"8-(4,7-Dihydroxy-5-methoxyphenanthren-1-yl)-5,7-dimethoxyphenanthrene-4,10-diol",https://www.wikidata.org/wiki/Q115971537
135520438,"6,7-Dihydroxy-2-methoxy-1,4-phenanthrenedione",,270.05,,,NPC264022,https://bidd.group/NPASS/compound.php?compoundID=NPC264022
14188392,"1,2,5-Trihydroxy-7-methoxyfluoren-9-one",C14H10O5,258.05282343,,,,http://www.knapsackfamily.com/knapsack_core/info.php?sname=C_ID&word=C00038966
14353469,Crepidatin,C18H22O5,318.14672381,,,,http://www.knapsackfamily.com/knapsack_core/info.php?sname=C_ID&word=C00015551
14484686,"7-Methoxyphenanthrene-2,5-diol",C₁₅H₁₂O₃,240.078644244,,,"7-Methoxyphenanthrene-2,5-diol",https://www.wikidata.org/wiki/Q105256326
146166008,"methyl 2-[(1S,3R,4S,7S,8R,11R,12R,13S)-2,12-dimethyl-9-oxo-13-propan-2-yl-10-oxa-2-azatetracyclo[5.4.1.18,11.04,12]tridecan-3-yl]acetate",,335.21,,,NPC225781,https://bidd.group/NPASS/compound.php?compoundID=NPC225781
14777891,Flavanthridin,C₁₆H₁₆O₄,272.104858992,,,Flavanthridin,https://www.wikidata.org/wiki/Q103815918
14777892,Flavanthrinin,C15H12O3,240.25397,130827-45-1,CHEMBL447210,Flavanthrinin,https://bidd.group/NPASS/compound.php?compoundID=NPC53781
15060023,Ephemeranthol A,C16H14O4,270.27996,,,NPC171261,https://bidd.group/NPASS/compound.php?compoundID=NPC171261
15287267,"(1S,4S,7S,8R,11S,12R,13S)-12-methyl-13-propan-2-yl-10-oxa-2-azatetracyclo[5.4.1.18,11.04,12]tridecan-9-one",C₁₅H₂₃NO₂,249.172878976,,,Mubironine B,https://www.wikidata.org/wiki/Q105147955
154496027,"(1R,2R,5R,6S,9S,15R,16R)-16-hydroxy-15-methyl-16-propan-2-yl-3,14-dioxa-11-azapentacyclo[7.5.1.12,5.01,11.06,15]hexadecan-4-one",,307.18,,,NPC292237,https://bidd.group/NPASS/compound.php?compoundID=NPC292237
154496059,"(1R,2R,5S,6R,9S,15S,16S)-6-hydroxy-15-methyl-16-propan-2-yl-3,14-dioxa-11-azapentacyclo[7.5.1.12,5.01,11.06,15]hexadecan-4-one",C₁₇H₂₅NO₄,307.17835828,,,"(1R,2R,5S,6R,9S,15S,16S)-6-hydroxy-15-methyl-16-propan-2-yl-3,14-dioxa-11-azapentacyclo[7.5.1.12,5.01,11.06,15]hexadecan-4-one",https://www.wikidata.org/wiki/Q105307500
154496459,"(1R,2R,5S,6S,9S,15R,16S)-15-methyl-16-propan-2-yl-3,14-dioxa-11-azapentacyclo[7.5.1.12,5.01,11.06,15]hexadecan-4-one",C₁₇H₂₅NO₃,291.18344366,,,"(1R,2R,5S,6S,9S,15R,16S)-15-methyl-16-propan-2-yl-3,14-dioxa-11-azapentacyclo[7.5.1.12,5.01,11.06,15]hexadecan-4-one",https://www.wikidata.org/wiki/Q104953190
154497096,"(1S,2S,6S,8S,11S)-6-methyl-5-methylidene-11-propan-2-yl-9-oxatricyclo[6.2.1.02,6]undecane-7,10-dione",C₁₅H₂₀O₃,248.1412445,,,"(1S,2S,6S,8S,11S)-6-methyl-5-methylidene-11-propan-2-yl-9-oxatricyclo[6.2.1.02,6]undecane-7,10-dione",https://www.wikidata.org/wiki/Q104911288
15558887,"(1S,4S,7R,8S,11R,12R,13S)-7-hydroxy-2,12-dimethyl-13-propan-2-yl-10-oxa-2-azatetracyclo[5.4.1.18,11.04,12]tridecan-9-one",,680.2,,,NPC297948,https://bidd.group/NPASS/compound.php?compoundID=NPC297948
15558892,(-)-Dendrobin,,263.19,,,NPC212832,https://bidd.group/NPASS/compound.php?compoundID=NPC212832
15736297,Tristin,C₁₅H₁₆O₄,260.104858992,,,Tristin,https://www.wikidata.org/wiki/Q105144149
158975,Erianthridin,C16H14O4,270.27996,86630-46-8,CHEMBL253983,Nudol,https://bidd.group/NPASS/compound.php?compoundID=NPC230919
16104870,Nobilin D,,320.13,,,nobilin D,https://bidd.group/NPASS/compound.php?compoundID=NPC476968
16104871,Nobilone,C14H10O4,242.05790881,,,,http://www.knapsackfamily.com/knapsack_core/info.php?sname=C_ID&word=C00039862
16104872,Nobilin E,C₃₂H₃₂O₈,544.209717984,,,nobilin E,https://www.wikidata.org/wiki/Q115970416
161547331,"(1S,2S,5R,6R,7R,8R,11S)-7,11-dihydroxy-6-methyl-11-propan-2-yl-5-[[(2S,3S,4R,5R,6S)-3,4,5-trihydroxy-6-(hydroxymethyl)oxan-2-yl]oxymethyl]-9-oxatricyclo[6.2.1.02,6]undecan-10-one",C₂₁H₃₄O₁₀,446.215197288,,,"(1S,2S,5R,6R,7R,8R,11S)-7,11-dihydroxy-6-methyl-11-propan-2-yl-5-[[(2S,3S,4R,5R,6S)-3,4,5-trihydroxy-6-(hydroxymethyl)oxan-2-yl]oxymethyl]-9-oxatricyclo[6.2.1.02,6]undecan-10-one",https://www.wikidata.org/wiki/Q105308790
162837356,"(3R,4aS,5R)-4a,5-dimethyl-7-methylidene-3-prop-1-en-2-yl-1,2,3,4,5,6-hexahydronaphthalene",,622.48,,,NPC119969,https://bidd.group/NPASS/compound.php?compoundID=NPC119969
162842541,"2-[2-hydroxy-6-methoxy-4-[(3R,4R)-4-(3-methoxyphenyl)dioxetan-3-yl]phenyl]-3-methoxy-5-[2-(3-methoxyphenyl)ethyl]phenol",,544.21,,,NPC289185,https://bidd.group/NPASS/compound.php?compoundID=NPC289185
162870395,"(9S)-4,6-dimethoxy-8-[2-(3-methoxyphenyl)ethyl]-9-[(3-methoxyphenyl)methyl]-9H-xanthene-2,3,5-triol",C₃₂H₃₂O₈,544.209717984,,,"(9S)-4,6-dimethoxy-8-[2-(3-methoxyphenyl)ethyl]-9-[(3-methoxyphenyl)methyl]-9H-xanthene-2,3,5-triol",https://www.wikidata.org/wiki/Q104981417
162870439,"(1S,3R,4R,7S,8S,11S,12S,13S)-3,4-dihydroxy-13-[(2R)-1-hydroxypropan-2-yl]-12-methyl-2,10-dioxatetracyclo[5.4.1.18,11.04,12]tridecan-9-one",C₁₅H₂₂O₆,298.141638424,,,"(1S,3R,4R,7S,8S,11S,12S,13S)-3,4-dihydroxy-13-[(2R)-1-hydroxypropan-2-yl]-12-methyl-2,10-dioxatetracyclo[5.4.1.18,11.04,12]tridecan-9-one",https://www.wikidata.org/wiki/Q105118547
162878780,"(2R,3R,4S,5S,6R)-2-[[(4R,4aR)-6-methyl-4-[(2S)-1-[(2R,3R,4S,5S,6R)-3,4,5-trihydroxy-6-(hydroxymethyl)oxan-2-yl]oxypropan-2-yl]-2,3,4,4a,7,8-hexahydronaphthalen-1-yl]methoxy]-6-(hydroxymethyl)oxane-3,4,5-triol",,560.28,,,NPC112778,https://bidd.group/NPASS/compound.php?compoundID=NPC112778
162916341,"4-[(1S)-1-hydroxy-2-(4-hydroxy-3-methoxyphenyl)ethyl]-2,6-dimethoxyphenol",C₁₇H₂₀O₆,320.12598836,,,"4-[(1S)-1-hydroxy-2-(4-hydroxy-3-methoxyphenyl)ethyl]-2,6-dimethoxyphenol",https://www.wikidata.org/wiki/Q105250300
162918547,"2-[4-[(3S,4S)-4-(hydroxymethyl)dioxetan-3-yl]-2,6-dimethoxyphenyl]-3-methoxy-5-[2-(3-methoxyphenyl)ethyl]phenol",C₂₇H₃₀O₈,482.19406792,,,"2-[4-[(3S,4S)-4-(hydroxymethyl)dioxetan-3-yl]-2,6-dimethoxyphenyl]-3-methoxy-5-[2-(3-methoxyphenyl)ethyl]phenol",https://www.wikidata.org/wiki/Q105034187
162925874,"(4aS,10aR)-5-hydroxy-3,7-dimethoxy-4a,10a-dihydrophenanthrene-1,4-dione",,286.08,,,NPC280766,https://bidd.group/NPASS/compound.php?compoundID=NPC280766
162946198,"(2S,3S,4R,5R,6S)-2-[[(1R,3aR,4R,5R,7aS)-1-hydroxy-1-(hydroxymethyl)-7a-methyl-5-propan-2-yl-3,3a,4,5,6,7-hexahydro-2H-inden-4-yl]methoxy]-6-(hydroxymethyl)oxane-3,4,5-triol",,418.26,,,NPC161037,https://bidd.group/NPASS/compound.php?compoundID=NPC161037
162946199,"(2S,3R,4R,5R,6S)-2-[[(1R,3aR,4R,5R,7aS)-1-hydroxy-1-(hydroxymethyl)-7a-methyl-5-propan-2-yl-3,3a,4,5,6,7-hexahydro-2H-inden-4-yl]methoxy]-6-(hydroxymethyl)oxane-3,4,5-triol",C₂₁H₃₈O₈,418.256668176,,,"(2S,3R,4R,5R,6S)-2-[[(1R,3aR,4R,5R,7aS)-1-hydroxy-1-(hydroxymethyl)-7a-methyl-5-propan-2-yl-3,3a,4,5,6,7-hexahydro-2H-inden-4-yl]methoxy]-6-(hydroxymethyl)oxane-3,4,5-triol",https://www.wikidata.org/wiki/Q105184955
162968055,"(2R,3R,4S,5S,6R)-2-[[(1R,1aR,4S,4aS,7R,7aS,7bS)-4-hydroxy-1,7-dimethyl-4-[[(2R,3R,4S,5S,6R)-3,4,5-trihydroxy-6-(hydroxymethyl)oxan-2-yl]oxymethyl]-2,3,4a,5,6,7,7a,7b-octahydro-1aH-cyclopropa[e]azulen-1-yl]methoxy]-6-(hydroxymethyl)oxane-3,4,5-triol",,578.29,,,NPC33998,https://bidd.group/NPASS/compound.php?compoundID=NPC33998
162970769,"(2R,3S,4S,5S,6S)-2-[[(1S,3aR,4R,5R,7aS)-7a-methyl-5-propan-2-yl-4-[[(2S,3R,4R,5R,6S)-3,4,5-trihydroxy-6-(hydroxymethyl)oxan-2-yl]oxymethyl]-1,2,3,3a,4,5,6,7-octahydroinden-1-yl]methoxy]-6-(hydroxymethyl)oxane-3,4,5-triol",,564.31,,,NPC103180,https://bidd.group/NPASS/compound.php?compoundID=NPC103180
162970770,"(2R,3R,4S,5S,6R)-2-[[(1S,3aR,4R,5R,7aR)-7a-methyl-5-propan-2-yl-4-[[(2R,3R,4S,5S,6R)-3,4,5-trihydroxy-6-(hydroxymethyl)oxan-2-yl]oxymethyl]-1,2,3,3a,4,5,6,7-octahydroinden-1-yl]methoxy]-6-(hydroxymethyl)oxane-3,4,5-triol",C₂₇H₄₈O₁₂,564.314576976,,,"(2R,3R,4S,5S,6R)-2-[[(1S,3aR,4R,5R,7aR)-7a-methyl-5-propan-2-yl-4-[[(2R,3R,4S,5S,6R)-3,4,5-trihydroxy-6-(hydroxymethyl)oxan-2-yl]oxymethyl]-1,2,3,3a,4,5,6,7-octahydroinden-1-yl]methoxy]-6-(hydroxymethyl)oxane-3,4,5-triol",https://www.wikidata.org/wiki/Q104950782
162984487,"(1S,2S,5R,6R,7S,8R,11R)-7,11-dihydroxy-5-(hydroxymethyl)-6-methyl-11-propan-2-yl-9-oxatricyclo[6.2.1.02,6]undecan-10-one",C₁₅H₂₄O₅,284.162373868,,,"(1S,2S,5R,6R,7S,8R,11R)-7,11-dihydroxy-5-(hydroxymethyl)-6-methyl-11-propan-2-yl-9-oxatricyclo[6.2.1.02,6]undecan-10-one",https://www.wikidata.org/wiki/Q105242475
162989721,"(2R,3S,4S,5S,6S)-2-[[(1R,1aR,4S,4aS,7R,7aS,7bS)-4-hydroxy-1-(hydroxymethyl)-1,7-dimethyl-2,3,4a,5,6,7,7a,7b-octahydro-1aH-cyclopropa[e]azulen-4-yl]methoxy]-6-(hydroxymethyl)oxane-3,4,5-triol",,416.24,,,NPC273109,https://bidd.group/NPASS/compound.php?compoundID=NPC273109
162989722,"(2R,3R,4S,5S,6R)-2-[[(1S,1aR,4S,4aS,7R,7aS,7bS)-4-hydroxy-1-(hydroxymethyl)-1,7-dimethyl-2,3,4a,5,6,7,7a,7b-octahydro-1aH-cyclopropa[e]azulen-4-yl]methoxy]-6-(hydroxymethyl)oxane-3,4,5-triol",,416.24,,,NPC29826,https://bidd.group/NPASS/compound.php?compoundID=NPC29826
163033046,"(2R,3R,4S,5S,6R)-2-[[(8S,8aR)-8-propan-2-yl-5-[[(2R,3R,4S,5S,6R)-3,4,5-trihydroxy-6-(hydroxymethyl)oxan-2-yl]oxymethyl]-3,4,6,7,8,8a-hexahydronaphthalen-2-yl]methoxy]-6-(hydroxymethyl)oxane-3,4,5-triol",C₂₇H₄₄O₁₂,560.283276848,,,"(2R,3R,4S,5S,6R)-2-[[(8S,8aR)-8-propan-2-yl-5-[[(2R,3R,4S,5S,6R)-3,4,5-trihydroxy-6-(hydroxymethyl)oxan-2-yl]oxymethyl]-3,4,6,7,8,8a-hexahydronaphthalen-2-yl]methoxy]-6-(hydroxymethyl)oxane-3,4,5-triol",https://www.wikidata.org/wiki/Q105291288
163067475,"(1S,2R,3R,5R,6S,8S)-3-hydroxy-8-(hydroxymethyl)-5-(2-hydroxypropan-2-yl)-2-methyltricyclo[4.4.0.02,8]decan-7-one",C₁₅H₂₄O₄,268.167459248,,,"(1S,2R,3R,5R,6S,8S)-3-hydroxy-8-(hydroxymethyl)-5-(2-hydroxypropan-2-yl)-2-methyltricyclo[4.4.0.02,8]decan-7-one",https://www.wikidata.org/wiki/Q105350733
163081696,"(1S,2R,3R,5S,6S,8R,9S)-3,9-dihydroxy-2,8-dimethyl-5-propan-2-yltricyclo[4.4.0.02,8]decan-7-one",C₁₅H₂₄O₃,252.172544628,,,"(1S,2R,3R,5S,6S,8R,9S)-3,9-dihydroxy-2,8-dimethyl-5-propan-2-yltricyclo[4.4.0.02,8]decan-7-one",https://www.wikidata.org/wiki/Q105179386
163087350,"(1R,2R,5R,6S,9S,15R,16S)-15-methyl-16-propan-2-yl-3,14-dioxa-11-azapentacyclo[7.5.1.12,5.01,11.06,15]hexadecan-4-one",,291.18,,,NPC297685,https://bidd.group/NPASS/compound.php?compoundID=NPC297685
163090891,"(1S,2S,5R,6R,7R,8S,11S)-7-hydroxy-6-methyl-11-propan-2-yl-5-[[(2S,3S,4R,5R,6S)-3,4,5-trihydroxy-6-(hydroxymethyl)oxan-2-yl]oxymethyl]-9-oxatricyclo[6.2.1.02,6]undecan-10-one",C₂₁H₃₄O₉,430.220282668,,,"(1S,2S,5R,6R,7R,8S,11S)-7-hydroxy-6-methyl-11-propan-2-yl-5-[[(2S,3S,4R,5R,6S)-3,4,5-trihydroxy-6-(hydroxymethyl)oxan-2-yl]oxymethyl]-9-oxatricyclo[6.2.1.02,6]undecan-10-one",https://www.wikidata.org/wiki/Q105126302
163091277,"(1S,2S,5R,7R,8S,9S,12S)-8-hydroxy-5-(hydroxymethyl)-12-[(2R)-1-hydroxypropan-2-yl]-10-oxatetracyclo[7.2.1.02,7.05,7]dodecan-11-one",C₁₅H₂₂O₅,282.146723804,,,"(1S,2S,5R,7R,8S,9S,12S)-8-hydroxy-5-(hydroxymethyl)-12-[(2R)-1-hydroxypropan-2-yl]-10-oxatetracyclo[7.2.1.02,7.05,7]dodecan-11-one",https://www.wikidata.org/wiki/Q104954475
163103664,"(1R,2S,5R,6S,7S,8R,11R)-11-[(2R)-1,2-dihydroxypropan-2-yl]-7-hydroxy-5-(hydroxymethyl)-6-methyl-9-oxatricyclo[6.2.1.02,6]undecan-10-one",C₁₅H₂₄O₆,300.157288488,,,"(1R,2S,5R,6S,7S,8R,11R)-11-[(2R)-1,2-dihydroxypropan-2-yl]-7-hydroxy-5-(hydroxymethyl)-6-methyl-9-oxatricyclo[6.2.1.02,6]undecan-10-one",https://www.wikidata.org/wiki/Q104959449
163104943,"(1S,2R,3S,4S,5R,6R,7S,8R,10R)-3-(hydroxymethyl)-10-[(2S)-1-hydroxypropan-2-yl]-7-methyltetracyclo[4.4.0.02,4.03,7]decane-5,8-diol",C₁₅H₂₄O₄,268.167459248,,,"(1S,2R,3S,4S,5R,6R,7S,8R,10R)-3-(hydroxymethyl)-10-[(2S)-1-hydroxypropan-2-yl]-7-methyltetracyclo[4.4.0.02,4.03,7]decane-5,8-diol",https://www.wikidata.org/wiki/Q105156404
163106181,"(1R,2S,5R,6S,7S,8R,11S)-7-hydroxy-5-(hydroxymethyl)-11-(2-hydroxypropan-2-yl)-6-methyl-9-oxatricyclo[6.2.1.02,6]undecan-10-one",C₁₅H₂₄O₅,284.162373868,,,"(1R,2S,5R,6S,7S,8R,11S)-7-hydroxy-5-(hydroxymethyl)-11-(2-hydroxypropan-2-yl)-6-methyl-9-oxatricyclo[6.2.1.02,6]undecan-10-one",https://www.wikidata.org/wiki/Q105275354
16522,"Methyl 3,4-Dimethoxybenzoate",,196.07,,,Veratric Acid Methyl Ester,https://bidd.group/NPASS/compound.php?compoundID=NPC154275
176096,Moscatilin,C17H20O5,304.3377,108853-14-1,CHEMBL374047,,http://www.knapsackfamily.com/knapsack_core/info.php?sname=C_ID&word=C00015530
185914,Dihydroresveratrol,,230.09,,,Dihydroresveratrol,https://bidd.group/NPASS/compound.php?compoundID=NPC30506
194774,Moscatin,,240.08,,,Moscatin,https://bidd.group/NPASS/compound.php?compoundID=NPC38017
21574990,"3,3',5-Trihydroxybibenzyl",C₁₄H₁₄O₃,230.094,,,"3,3',5-Trihydroxybibenzyl",https://www.wikidata.org/wiki/Q27159943
21668724,2-(3-Hydroxy-4-methoxyphenyl)ethyl 3-O-(6-deoxyhexopyranosyl)hexopyranoside,,476.19,,,Darendoside A,https://bidd.group/NPASS/compound.php?compoundID=NPC35731
21678577,Lusianthridin,C14H12O3,228.24327,,,NPC142588,https://bidd.group/NPASS/compound.php?compoundID=NPC142588
222284,Beta-Sitosterol,,414.39,,,Beta-Sitosterol,https://bidd.group/NPASS/compound.php?compoundID=NPC230301
23304338,"(2R,3R,4R,5R,6R)-2-[[(1S,1aR,3aR,4S,7R,7aS,7bS)-4-hydroxy-1-(hydroxymethyl)-1,7-dimethyl-2,3,3a,5,6,7,7a,7b-octahydro-1aH-cyclopropa[a]naphthalen-4-yl]methoxy]-6-(hydroxymethyl)oxane-3,4,5-triol",,416.24,,,NPC169439,https://bidd.group/NPASS/compound.php?compoundID=NPC169439
23304340,"(2R,5S,6S,7R,11S)-7,11-dihydroxy-6-methyl-11-propan-2-yl-5-[[(2R,3R,4R,5R,6R)-3,4,5-trihydroxy-6-(hydroxymethyl)oxan-2-yl]oxymethyl]-9-oxatricyclo[6.2.1.02,6]undecan-10-one",,446.22,,,NPC275003,https://bidd.group/NPASS/compound.php?compoundID=NPC275003
237332,5-Hydroxymethylfurfural,,486.26,,,5-Hydroxymethyl-Furfural,https://bidd.group/NPASS/compound.php?compoundID=NPC107482
23900101,Epheneranthol C,C15H12O4,256.25338,,CHEMBL254188,Fimbriol B,https://bidd.group/NPASS/compound.php?compoundID=NPC151656
24762423,"2,8-Dihydroxy-3,4,7-Trimethoxyphenanthrene",C17H16O5,300.30594,,CHEMBL254598,"2,5,6-Trimethoxyphenanthrene-1,7-Diol",https://bidd.group/NPASS/compound.php?compoundID=NPC275061
24762424,"3-Hydroxy-2,4,7-Trimethoxy-9,10-Dihydrophenanthrene",C17H18O4,286.32242,,CHEMBL400004,"2,4,7-Trimethoxy-9,10-Dihydrophenanthren-3-Ol",https://bidd.group/NPASS/compound.php?compoundID=NPC158142
24762425,"2,8-Dihydroxy-3,4,7-Trimethoxy-9,10-Dihydrophenanthrene",C17H18O5,302.32182,,CHEMBL254599,"2,5,6-Trimethoxy-9,10-Dihydrophenanthrene-1,7-Diol",https://bidd.group/NPASS/compound.php?compoundID=NPC10314
24762426,"2-Hydroxy-4,7-Dimethoxy-9,10-Dihydrophenanthrene",C16H16O3,256.29644,1000408-77-4,CHEMBL254600,Coelonin,https://bidd.group/NPASS/compound.php?compoundID=NPC170485
24762427,"1-(2-Hydroxy-3,4,7-trimethoxy-9,10-dihydrophenanthren-1-yl)-3,4,7-trimethoxy-9,10-dihydrophenanthren-2-ol",C₃₄H₃₄O₈,570.225368048,,,"2,2'-Dihydroxy-3,3',4,4',7,7'-hexamethoxy-9,9',10,10'-tetrahydro-1,1'-biphenanthrene",https://www.wikidata.org/wiki/Q104981059
24762428,"2,3,5-Trihydroxy-4,9-Dimethoxyphenanthrene",C16H14O5,286.27936,,CHEMBL254807,"4,9-Dimethoxyphenanthrene-2,3,5-Triol",https://bidd.group/NPASS/compound.php?compoundID=NPC105847
24777877,"(1S,2S,5R,6R,7S,8S,11S)-7-hydroxy-5-(hydroxymethyl)-11-[(2R)-1-hydroxypropan-2-yl]-6-methyl-9-oxatricyclo[6.2.1.02,6]undecan-10-one",C₁₅H₂₄O₅,284.162373868,,,"(1S,2S,5R,6R,7S,8S,11S)-7-hydroxy-5-(hydroxymethyl)-11-[(2R)-1-hydroxypropan-2-yl]-6-methyl-9-oxatricyclo[6.2.1.02,6]undecan-10-one",https://www.wikidata.org/wiki/Q105144222
24777879,"(1R,1aR,4R,4aS,7R,7aS,7bS)-1,4-bis(hydroxymethyl)-1,7-dimethyl-2,3,4a,5,6,7,7a,7b-octahydro-1aH-cyclopropa[e]azulen-4-ol",C₁₅H₂₆O₃,254.188194692,,,"(1R,1aR,4R,4aS,7R,7aS,7bS)-1,4-bis(hydroxymethyl)-1,7-dimethyl-2,3,4a,5,6,7,7a,7b-octahydro-1aH-cyclopropa[e]azulen-4-ol",https://www.wikidata.org/wiki/Q105328872
24777882,"(1S,2S,4S,4aR,8aS)-6-(hydroxymethyl)-1-methyl-4-propan-2-yl-3,4,4a,7,8,8a-hexahydro-2H-naphthalene-1,2-diol",C₁₅H₂₆O₃,254.188194692,,,Dendronobilin G,https://www.wikidata.org/wiki/Q104995867
26305,Nodakenetin,C14H14O4,246.25855,495-32-9,CHEMBL1464240,,
296119,beta-Sitosterol 3-O-beta-D-galactopyranoside,C₃₅H₆₀O₆,576.43898964,,,beta-Sitosterol 3-O-beta-D-galactopyranoside,https://www.wikidata.org/wiki/Q104415326
3037126,Dendrobine,,263.19,,,NPC109192,https://bidd.group/NPASS/compound.php?compoundID=NPC109192
3083597,Ayapin,,190.03,,,Ayapin,https://bidd.group/NPASS/compound.php?compoundID=NPC7163
3085362,Gigantol,C16H18O4,274.12050906,,,,http://www.knapsackfamily.com/knapsack_core/info.php?sname=C_ID&word=C00030387
3086528,Chrysotobibenzyl,C19H24O5,332.16237388,,,,http://www.knapsackfamily.com/knapsack_core/info.php?sname=C_ID&word=C00015296
332426,(-) Syringaresinol,,504.27,,,NPC165159,https://bidd.group/NPASS/compound.php?compoundID=NPC165159
355017,From Dendrobium nobile,,263.19,,,NPC171351,https://bidd.group/NPASS/compound.php?compoundID=NPC171351
356759,"2-Methoxy-5-[2-(3,4,5-trimethoxyphenyl)ethyl]phenol",,318.15,,,"2-Methoxy-5-(3,4,5-Trimethoxyphenethyl)Phenol",https://bidd.group/NPASS/compound.php?compoundID=NPC298757
42608199,Dendrobane A,C₁₅H₂₄O₃,252.172544628,,,Dendrobane A,https://www.wikidata.org/wiki/Q105134423
439246,Naringenin,,272.07,,,Naringenin,https://bidd.group/NPASS/compound.php?compoundID=NPC32441
442088,Evodiamine,C19H17N3O,303.35778,518-17-2,CHEMBL463165,NPC141612,https://bidd.group/NPASS/compound.php?compoundID=NPC141612
442523,Dendrine,C16H25NO2,263.37519,2115-91-5,,NPC292828,https://bidd.group/NPASS/compound.php?compoundID=NPC292828
442702,"7-Methoxy-9,10-dihydrophenanthrene-2,5-diol",C15H14O3,242.09429431,,,,http://www.knapsackfamily.com/knapsack_core/info.php?sname=C_ID&word=C00002941
442705,Hircinol,C15H14O3,242.26985,41060-05-3,CHEMBL475652,Hircinol,https://www.wikidata.org/wiki/Q27106870
443023,"Syringaresinol, (+)-",C₂₂H₂₆O₈,418.162768,,,(+)-Syringaresinol,https://www.wikidata.org/wiki/Q7663351
443024,Acanthoside B,,580.22,,,Syringaresinol-Beta-D Glucoside,https://bidd.group/NPASS/compound.php?compoundID=NPC130449
44418770,"3-Methoxy-5-[2-(3-methoxyphenyl)ethyl]benzene-1,2-diol",C16H18O4,274.12050906,,,,http://www.knapsackfamily.com/knapsack_core/info.php?sname=C_ID&word=C00015314
44418788,"1,4,7-Trihydroxy-5-Methoxyfluoren-9-One",,258.05,,,"1,4,7-Trihydroxy-5-Methoxyfluoren-9-One",https://bidd.group/NPASS/compound.php?compoundID=NPC216624
44445441,"3,4,7-Trimethoxy-9,10-dihydrophenanthren-2-ol",C₁₇H₁₈O₄,286.120509056,,,"9,10-Dihydro-3,4,7-trimethoxyphenanthrene-2-ol",https://www.wikidata.org/wiki/Q105225076
44445442,"2,4,7-Trimethoxyphenanthren-3-ol",C₁₇H₁₆O₄,284.104858992,,,"2,4,7-Trimethoxyphenanthrene-3-ol",https://www.wikidata.org/wiki/Q105213029
44445443,Bulbophyllanthrin,,270.09,,,Bulbophyllanthrin,https://bidd.group/NPASS/compound.php?compoundID=NPC243759
44445444,Ephemeranthol A,,272.1,,,Ephemeranthol A,https://bidd.group/NPASS/compound.php?compoundID=NPC69029
44445445,plicatol A,,300.1,,,Plicatol A,https://bidd.group/NPASS/compound.php?compoundID=NPC266006
44559639,Dendromoniliside A,,414.23,,,NPC50866,https://bidd.group/NPASS/compound.php?compoundID=NPC50866
44567193,"[(2S,3R,4S,5R)-3-acetyloxy-5-hydroxy-2-[[(1S,3R,6S,8R,9S,11S,12S,14S,15R,16R)-14-hydroxy-15-[(2R,5S)-5-(2-methoxypropan-2-yl)-2-methyloxolan-2-yl]-7,7,12,16-tetramethyl-9-[(2R,3R,4S,5S,6R)-3,4,5-trihydroxy-6-(hydroxymethyl)oxan-2-yl]oxy-6-pentacyclo[9.7.0.01,3.03,8.012,16]octadecanyl]oxy]oxan-4-yl] acetate",,882.5,,,NPC481842,https://bidd.group/NPASS/compound.php?compoundID=NPC481842
4486984,(+)-7-epi-Syringaresinol 4'-glucoside,C₂₈H₃₆O₁₃,580.215591212,,,(+)-7-epi-Syringaresinol 4'-glucoside,https://www.wikidata.org/wiki/Q105303113
46782954,Sucrose NF,,342.12,,,NPC213935,https://bidd.group/NPASS/compound.php?compoundID=NPC213935
46871897,"3,4,8-Trimethoxyphenanthrene-2,5-Diol",C17H16O5,300.30594,,CHEMBL1085553,"3,4,8-Trimethoxyphenanthrene-2,5-diol",https://www.wikidata.org/wiki/Q18353086
46871898,Epheneranthol C,C₁₅H₁₄O₄,258.089208928,,,Epheneranthol C,https://www.wikidata.org/wiki/Q105154728
46890966,"5-Methoxy-9,10-dihydrophenanthrene-2,4,7-triol",C₁₅H₁₄O₄,258.089208928,,,"5-Methoxy-9,10-dihydrophenanthrene-2,4,7-triol",https://www.wikidata.org/wiki/Q105188181
5315860,"Phenol, 4-[2-(3,4-dimethoxyphenyl)ethyl]-2,6-dimethoxy-",C18H22O5,318.14672381,,,,http://www.knapsackfamily.com/knapsack_core/info.php?sname=C_ID&word=C00038758
5316531,"7-Hydroxy-2,12-dimethyl-13-propan-2-yl-10-oxa-2-azatetracyclo[5.4.1.18,11.04,12]tridecan-9-one",,279.18,,,NPC174885,https://bidd.group/NPASS/compound.php?compoundID=NPC174885
5316534,Dendrolasin,C15H22O,218.33457,23262-34-2,,,
5316539,Dendroxine,C17H25NO3,291.38529,,,NPC282302,https://bidd.group/NPASS/compound.php?compoundID=NPC282302
5316540,Dentatin,C20H22O4,326.38627,,,,
5318187,6-Hydroxydendroxine,C17H25NO4,307.3847,,,NPC170399,https://bidd.group/NPASS/compound.php?compoundID=NPC170399
5318188,24-Hydroxy-11-Deoxyglycyrrhetic Acid,C29H46O4,458.67313,,,,
5320179,Nobilonine,,293.2,,,NPC99816,https://bidd.group/NPASS/compound.php?compoundID=NPC99816
54675866,"3,4-Dihydroxybenzoate",,154.03,,,NPC156655,https://bidd.group/NPASS/compound.php?compoundID=NPC156655
566057,"2,12-Dimethyl-13-propan-2-yl-10-oxa-2-azatetracyclo[5.4.1.18,11.04,12]tridecan-9-one",,263.19,,,NPC298346,https://bidd.group/NPASS/compound.php?compoundID=NPC298346
5742590,Sitogluside,,576.44,,,Daucosterol,https://bidd.group/NPASS/compound.php?compoundID=NPC243728
5988,Sucrose,,342.12,,,Sucrose,https://bidd.group/NPASS/compound.php?compoundID=NPC130683
6029,Uridine,,244.07,,,Uridine,https://bidd.group/NPASS/compound.php?compoundID=NPC43246
60961,Adenosine,,267.1,,,Adenosine,https://bidd.group/NPASS/compound.php?compoundID=NPC156461
6325050,"methyl 2-[(1S,7S,8R,11R,12S)-2,12-dimethyl-9-oxo-13-propan-2-yl-10-oxa-2-azatetracyclo[5.4.1.18,11.04,12]tridecan-3-yl]acetate",,335.21,,,NPC96390,https://bidd.group/NPASS/compound.php?compoundID=NPC96390
6325643,"(4R,11R)-2,2,12-trimethyl-13-propan-2-yl-10-oxa-2-azoniatetracyclo[5.4.1.18,11.04,12]tridecan-9-one",,278.21,,,NPC151752,https://bidd.group/NPASS/compound.php?compoundID=NPC151752
636980,3-Methoxy-5-(2-phenylethyl)phenol,C₁₅H₁₆O₂,228.115029752,,,"Phenol, 3-methoxy-5-(2-phenylethyl)-",https://www.wikidata.org/wiki/Q72465991
640646,"3,4-Dimethoxyphenanthrene-2,5-Diol",C₁₆H₁₄O₄,270.089208928,,,"3,4-Dimethoxyphenanthrene-2,5-diol",https://www.wikidata.org/wiki/Q104971972
6432744,(-)-beta-Sitosterol,,414.39,,,NPC29,https://bidd.group/NPASS/compound.php?compoundID=NPC29
667495,"(2R)-5,7-dihydroxy-2-(4-hydroxyphenyl)-2,3-dihydro-4H-chromen-4-one",,272.07,,,NPC311485,https://bidd.group/NPASS/compound.php?compoundID=NPC311485
6802,,,283.09,,,Guanosine,https://bidd.group/NPASS/compound.php?compoundID=NPC61198
688305,"2-Amino-3,5-dibromobenzaldehyde",,655.78,,,NPC151242,https://bidd.group/NPASS/compound.php?compoundID=NPC151242
7121,Veratric Acid,,182.06,,,Veratric Acid,https://bidd.group/NPASS/compound.php?compoundID=NPC285776
71441453,"9H-Fluoren-9-one, 2,4,7-trihydroxy-5-methoxy-",,258.05,,,"2,4,7-Trihydroxy-5-Methoxyfluoren-9-One",https://bidd.group/NPASS/compound.php?compoundID=NPC18714
72,"3,4-Dihydroxybenzoic acid",C₇H₆O₄,154.027,,,"3,4-Dihydroxybenzoic acid",https://www.wikidata.org/wiki/Q418599
73665,Prochloraz,C₁₅H₁₆Cl₃N₃O₂,375.031,,,Prochloraz,https://www.wikidata.org/wiki/Q1401484
8417,Scoparone,,206.06,,,Scoparone,https://bidd.group/NPASS/compound.php?compoundID=NPC240722
8468,Vanillic Acid,,168.04,,,Vanillic Acid,https://bidd.group/NPASS/compound.php?compoundID=NPC111888
85115605,"2-[[4-hydroxy-1-(hydroxymethyl)-1,7-dimethyl-2,3,4a,5,6,7,7a,7b-octahydro-1aH-cyclopropa[e]azulen-4-yl]methoxy]-6-(hydroxymethyl)oxane-3,4,5-triol",C₂₁H₃₆O₈,416.2410181119998,,,"2-[[4-hydroxy-1-(hydroxymethyl)-1,7-dimethyl-2,3,4a,5,6,7,7a,7b-octahydro-1aH-cyclopropa[e]azulen-4-yl]methoxy]-6-(hydroxymethyl)oxane-3,4,5-triol",https://www.wikidata.org/wiki/Q105166803
85367589,"7-Hydroxy-11-(2-hydroxypropan-2-yl)-6-methyl-5-[[3,4,5-trihydroxy-6-(hydroxymethyl)oxan-2-yl]oxymethyl]-9-oxatricyclo[6.2.1.02,6]undecan-10-one",C₂₁H₃₄O₁₀,446.215197288,,,"7-Hydroxy-11-(2-hydroxypropan-2-yl)-6-methyl-5-[[3,4,5-trihydroxy-6-(hydroxymethyl)oxan-2-yl]oxymethyl]-9-oxatricyclo[6.2.1.02,6]undecan-10-one",https://www.wikidata.org/wiki/Q105230333
85830339,"2,6-Dimethoxy-4-[2-(3-methoxyphenyl)ethyl]phenol",,288.14,,,NPC209785,https://bidd.group/NPASS/compound.php?compoundID=NPC209785
86021565,Cannithrene 2,C₁₆H₁₆O₄,272.104858992,,,Cannithrene 2,https://www.wikidata.org/wiki/Q105132456
86821,"17-(5-ethyl-6-methylheptan-2-yl)-10,13-dimethyl-2,3,4,7,8,9,11,12,14,15,16,17-dodecahydro-1H-cyclopenta[a]phenanthren-3-ol",,414.39,,,NPC290613,https://bidd.group/NPASS/compound.php?compoundID=NPC290613
91387732,"1,1'-Bislusianthridin",C₃₀H₂₆O₆,482.172938552,,,"4,4',7,7'-Tetrahydroxy-2,2'-dimethoxy-9,9',10,10'-tetrahydro-1,1'-biphenanthrene",https://www.wikidata.org/wiki/Q105240985
91692850,beta-D-Fructofuranosyl alpha-D-glucopyranoside,,342.12,,,NPC16728,https://bidd.group/NPASS/compound.php?compoundID=NPC16728
932,"5,7-Dihydroxy-2-(4-hydroxyphenyl)chroman-4-one",,272.07,,,"5,7-Dihydroxy-2-(4-Hydroxyphenyl)-2,3-Dihydrochromen-4-One",https://bidd.group/NPASS/compound.php?compoundID=NPC79943
9794438,"(6R)-4,4a-dimethyl-6-prop-1-en-2-yl-3,4,5,6,7,8-hexahydronaphthalen-2-one",,218.17,,,NPC4817,https://bidd.group/NPASS/compound.php?compoundID=NPC4817
985,Palmitic Acid,,256.24,,,Palmitic Acid,https://bidd.group/NPASS/compound.php?compoundID=NPC216630
nan,N-Methyldendrobium,C17H28NO2,278.40972,,,,
nan,Nobilonine,C17H27NO3,293.40117,,,,
nan,Nootkatone,C16H24,216.36176,,,,
